89;24;99;60;-9083927
18;99;9;0;-14599620
85;33;26;99;-15407281
31;27;99;81;-6776237
63;2;68;0;-378614
73;54;96;99;-7542514
99;58;0;0;-11419413
10;93;99;78;-4596861
4;18;75;0;-3016267
12;60;98;99;-1814478
36;83;0;20;-10936162
50;41;99;29;-15353700
22;94;25;0;-10375078
98;65;84;99;-5315717
77;90;36;0;-13871912
30;24;95;99;-2070592
56;55;10;0;-10321189
22;19;21;99;-13385602
88;28;0;62;-11545695
75;20;99;50;-4371999
3;44;49;0;-6843962
81;83;36;99;-7521468
70;83;23;0;-5682344
93;21;40;99;-13048561
50;5;99;65;-15928307
26;19;89;0;-15467733
15;9;55;99;-4596693
3;72;0;39;-8627319
85;89;99;12;-11374023
84;62;59;0;-13274424
37;94;27;99;-7455434
70;96;28;0;-12031790
74;47;22;99;-14497406
91;66;99;48;-3699455
29;82;76;0;-16647990
69;10;13;99;-567883
2;46;0;76;-4397368
51;55;99;9;-11739674
12;38;58;0;-12195143
73;78;7;99;-8003369
36;58;0;39;-4548514
8;19;99;34;-9206138
73;45;23;0;-11779614
43;18;51;99;-15671357
21;21;99;87;-12998454
15;33;19;0;-2434385
79;65;79;99;-11727156
60;28;99;54;-3024758
30;5;32;0;-16077354
22;58;80;99;-2455630
56;3;99;94;-11702311
90;6;41;0;-6669445
29;27;61;99;-10011572
3;93;96;0;-14311810
71;74;75;99;-204232
21;73;95;0;-7353611
69;64;1;99;-7088109
16;9;78;0;-243505
46;31;84;99;-2812469
59;40;99;47;-13595782
57;61;31;0;-2275529
33;97;40;99;-2697830
63;16;0;89;-3664031
66;65;99;19;-7347188
36;10;35;0;-9137440
85;38;65;99;-2120291
50;13;41;0;-9522079
55;34;59;99;-7000574
94;34;99;69;-11692115
5;66;62;0;-4941428
73;30;14;99;-9499732
2;38;37;0;-5305656
40;60;9;99;-7734751
89;52;0;73;-9908741
25;84;99;95;-12414035
75;94;99;0;-3100234
37;25;82;99;-7980563
99;32;99;59;-560084
19;80;16;0;-13162695
63;94;40;99;-12921026
67;85;82;0;-15889524
94;8;96;99;-16504786
42;81;99;26;-4698426
30;85;7;0;-8518808
12;90;89;99;-1692589
69;88;67;0;-1820004
3;97;2;99;-10268585
43;32;0;88;-8565701
77;84;99;61;-10268420
51;21;91;0;-2437534
8;21;45;99;-3485721
0;44;99;9;-13546484
63;67;12;0;-7331548
15;25;70;99;-10755869
84;86;99;24;-860565
38;23;78;0;-11415249
84;11;26;99;-7644976
94;46;0;55;-2048007
97;47;99;45;-9751216
59;44;89;0;-3450845
79;23;29;99;-14287974
23;73;0;73;-4713762
74;70;99;69;-9121146
18;64;83;0;-8708369
9;21;58;99;-8538051
4;52;0;26;-1688801
74;51;99;48;-9631427
10;66;35;0;-13249821
70;56;59;99;-10622192
67;47;0;29;-1306928
63;20;99;7;-4530671
63;35;82;0;-2050849
9;64;34;99;-6490212
47;82;0;3;-905475
53;11;99;25;-8553418
87;58;4;0;-7774371
42;7;24;99;-12055986
17;23;25;0;-13618610
20;42;50;99;-8070746
69;33;99;86;-2517739
78;93;38;0;-12097035
69;7;92;99;-3100654
47;73;35;0;-582833
9;83;83;99;-12168562
4;59;0;50;-10904383
57;6;99;46;-7100342
86;95;79;0;-9883918
7;3;19;99;-9261152
61;73;99;82;-6355781
10;91;15;0;-8124834
52;85;43;99;-9679073
50;43;0;50;-14693507
18;17;99;25;-13635089
56;31;95;0;-11510352
13;99;96;99;-16324247
8;72;0;35;-16498936
20;25;99;97;-16468926
70;7;6;0;-1184555
27;38;12;99;-13536716
40;20;62;0;-3627836
75;96;48;99;-5627083
98;84;99;9;-12719629
20;71;14;0;-3962216
91;16;74;99;-14349322
4;40;0;32;-8853871
86;72;99;81;-7842845
49;66;30;0;-5081007
59;76;34;99;-8696333
47;75;0;72;-13048329
17;9;99;56;-4251771
60;38;9;0;-5040704
12;6;68;99;-11667722
33;41;0;42;-2866217
96;74;99;38;-13093271
43;52;82;0;-9960964
57;55;20;99;-6796198
74;80;0;75;-8064363
98;78;99;89;-4816930
73;2;10;0;-9335968
64;13;83;99;-8847060
5;78;99;10;-7776949
25;53;11;0;-13495770
21;5;72;99;-10587610
82;49;43;0;-11155511
39;71;44;99;-516002
41;29;50;0;-3185433
45;82;66;99;-2506689
43;68;0;63;-4966689
1;78;99;8;-1831922
85;53;53;0;-6745415
68;37;28;99;-11409099
86;91;0;67;-7175932
41;91;99;48;-13219447
92;95;34;0;-15513433
80;21;70;99;-2123430
43;76;0;82;-13959867
57;44;99;29;-3860382
28;52;88;0;-13333144
25;3;3;99;-16584095
41;43;50;0;-11709384
7;14;28;99;-5974280
59;81;0;4;-2262551
86;93;99;77;-10501069
53;79;87;0;-12279592
74;33;50;99;-13900237
91;31;6;0;-16275683
76;78;16;99;-15395833
21;68;99;35;-1476703
15;76;15;0;-2098271
4;89;21;99;-4877682
20;78;35;0;-2422196
21;82;54;99;-13325883
7;37;84;0;-2602821
94;72;65;99;-16604162
74;2;74;0;-11280712
45;39;90;99;-4862957
12;75;99;36;-12403631
27;2;76;0;-2720607
26;75;65;99;-6600254
92;63;4;0;-11258839
29;84;29;99;-14478657
42;85;0;92;-12368185
12;90;99;74;-915860
13;14;1;0;-5704757
87;16;98;99;-8936747
64;59;0;54;-1503579
5;3;99;35;-7303302
99;83;53;0;-7644978
77;89;29;99;-3110890
8;53;0;68;-13794967
87;91;99;51;-11774259
92;61;28;0;-1945641
18;11;2;99;-12179356
9;30;99;93;-6427519
26;71;64;0;-11112621
27;63;40;99;-6139954
62;80;99;23;-9227550
62;24;58;0;-7998625
78;47;17;99;-3773957
40;51;99;57;-14007847
11;43;54;0;-1104763
3;67;68;99;-894835
52;77;0;11;-8330682
63;88;99;0;-14899609
98;12;68;0;-16124590
4;7;38;99;-11905746
44;46;5;0;-14526243
47;14;70;99;-4520008
3;8;82;0;-9609783
74;78;69;99;-15862302
14;5;99;84;-15013576
52;29;27;0;-369465
35;6;5;99;-4979672
58;92;0;45;-6923506
56;30;99;20;-15639272
45;72;26;0;-10135125
78;7;74;99;-5122038
20;18;93;0;-13424787
15;0;65;99;-470621
96;28;79;0;-1978769
63;24;4;99;-9499355
92;54;46;0;-538108
60;52;94;99;-8698702
35;57;40;0;-3564175
68;23;92;99;-15278154
32;51;80;0;-16224383
29;60;77;99;-10723006
25;59;0;44;-15946201
36;33;99;89;-1936268
48;45;80;0;-16498992
15;98;79;99;-4371234
61;85;0;71;-13067089
60;8;99;32;-2615563
92;9;45;0;-2449786
38;32;64;99;-4096769
54;90;99;13;-10298270
22;72;72;0;-736586
43;15;96;99;-4548701
74;18;0;53;-5128771
9;43;99;20;-11040877
94;8;51;0;-15797830
69;95;14;99;-11855172
54;79;99;56;-13944457
13;90;54;0;-8218819
63;75;80;99;-49456
69;26;99;49;-13652490
68;33;5;0;-15948746
16;81;44;99;-7351707
85;11;99;7;-15878961
80;96;49;0;-5420952
1;85;35;99;-1574163
11;29;98;0;-12723723
1;10;18;99;-178761
31;4;25;0;-7615591
14;85;15;99;-3329094
39;26;0;32;-10334257
38;87;99;31;-15948163
23;99;6;0;-2088097
46;56;45;99;-13974652
83;96;29;0;-3340087
73;9;64;99;-4228718
68;61;99;41;-13597737
71;73;63;0;-4600801
16;9;69;99;-9111201
34;52;99;24;-14309584
39;30;96;0;-8129568
76;35;25;99;-413632
71;62;99;75;-12267628
70;41;71;0;-9145799
73;15;95;99;-4747844
48;43;99;47;-12742186
82;52;36;0;-9070970
66;27;98;99;-15533972
74;33;71;0;-795079
38;11;26;99;-8625546
93;21;99;61;-5185850
47;11;38;0;-3623848
54;17;32;99;-4440286
60;34;99;53;-10443732
60;3;88;0;-1523595
81;30;81;99;-518360
49;53;11;0;-11223420
48;22;5;99;-15686133
15;48;99;11;-7095235
50;50;71;0;-12304683
52;38;96;99;-3980073
10;70;0;78;-3698853
98;61;99;23;-6359155
45;2;86;0;-94069
99;36;1;99;-9201811
80;26;28;0;-5333862
83;6;50;99;-13350183
91;91;17;0;-11357883
85;50;66;99;-1985919
28;72;93;0;-5576476
33;80;27;99;-4531691
25;70;0;89;-1391044
5;3;99;43;-9051268
47;55;29;0;-4682912
29;91;89;99;-8445801
32;10;99;27;-2839689
18;11;81;0;-1534113
37;23;68;99;-11850272
89;33;56;0;-10216467
41;24;58;99;-10159761
26;63;99;51;-6629762
49;55;87;0;-10109391
18;53;44;99;-10130053
4;55;83;0;-5894192
5;7;88;99;-3837112
59;24;0;1;-13249962
86;43;99;98;-16225027
94;89;96;0;-12587122
35;57;24;99;-15386493
85;19;99;82;-15534168
37;83;84;0;-3956557
69;90;97;99;-3475399
65;60;0;90;-2842419
35;47;99;44;-1029762
12;15;35;0;-10279251
13;50;39;99;-8637913
13;55;99;3;-15206197
77;92;5;0;-256061
96;69;8;99;-1732858
40;84;99;25;-7361849
46;59;80;0;-8834970
38;76;38;99;-16298875
50;94;99;12;-8934004
88;44;66;0;-4254285
18;10;49;99;-4349981
34;7;99;72;-5981378
30;81;96;0;-8024694
67;64;16;99;-11332079
33;40;99;93;-13429097
55;27;78;0;-8430669
95;2;47;99;-12501157
54;9;99;40;-5187226
47;21;36;0;-5776314
64;3;90;99;-13133679
54;57;0;88;-12261546
35;97;99;24;-16351148
31;52;79;0;-15425077
66;40;47;99;-12073629
32;46;0;63;-3079246
58;61;99;44;-3097523
55;84;97;0;-2546518
51;9;40;99;-3342026
24;50;85;0;-4216315
51;82;68;99;-8723073
48;93;55;0;-8953418
7;44;71;99;-12917291
95;0;99;18;-3752353
16;35;84;0;-5760403
1;22;58;99;-3630767
49;68;32;0;-5234784
57;23;14;99;-11759794
18;66;64;0;-12623690
36;13;27;99;-2357591
84;29;99;27;-1010028
46;78;69;0;-4877667
46;48;25;99;-14709824
5;12;99;99;-1040781
40;65;92;0;-9104939
1;11;70;99;-4709053
72;20;0;87;-15812278
80;23;99;8;-14765742
89;90;20;0;-7031412
50;64;19;99;-3443769
39;78;9;0;-10402135
96;15;63;99;-4932325
5;73;99;49;-11713009
37;60;77;0;-9893177
25;31;55;99;-16221100
10;35;0;46;-12429183
59;80;99;94;-12440214
37;42;93;0;-7643701
21;59;23;99;-15817116
79;42;6;0;-3229872
56;99;86;99;-2706322
1;91;99;82;-10551707
58;19;74;0;-7846544
26;55;96;99;-14321329
71;49;99;30;-10377666
12;59;19;0;-6916220
72;24;54;99;-10836930
80;61;43;0;-4387294
6;30;84;99;-3025413
57;36;0;34;-516230
72;25;99;15;-11902495
91;6;34;0;-15154583
47;24;89;99;-8511988
42;71;19;0;-15386060
41;83;10;99;-11987356
59;46;0;33;-7993883
44;29;99;84;-12838725
86;91;99;0;-13142976
24;31;11;99;-7755361
61;74;55;0;-5207344
62;99;32;99;-11906015
81;52;99;31;-11027872
29;8;25;0;-3257734
71;67;85;99;-5602493
18;85;0;9;-9079049
72;23;99;83;-1792764
83;96;96;0;-5167608
21;8;96;99;-9065720
11;81;59;0;-7600381
49;8;13;99;-351700
17;28;0;50;-5066051
19;82;99;38;-8213997
64;71;49;0;-9849062
91;22;85;99;-8597848
20;32;0;55;-8277084
18;25;99;62;-4765467
40;94;16;0;-485198
23;47;14;99;-9562995
82;36;99;30;-9366874
78;79;64;0;-12248461
35;98;70;99;-9443284
88;51;0;68;-11778590
11;85;99;75;-15985364
71;80;60;0;-12296659
9;36;90;99;-2708138
43;53;66;0;-13796194
87;58;94;99;-1910569
47;53;99;7;-8140592
68;11;33;0;-8929362
27;21;55;99;-2990036
19;17;99;90;-12967640
5;3;53;0;-124492
26;97;82;99;-1823834
47;24;99;52;-15923500
6;55;95;0;-9762717
18;53;63;99;-14979291
85;62;97;0;-10931416
66;71;12;99;-3308565
15;31;0;58;-5200552
58;94;99;90;-6887417
4;66;95;0;-9501094
84;77;74;99;-4772776
71;53;0;41;-3607886
3;42;99;60;-13559843
33;74;48;0;-12591051
69;35;26;99;-7356226
51;35;0;38;-2803517
74;9;99;75;-10303563
2;30;65;0;-16309355
80;78;45;99;-5912627
88;82;61;0;-10176668
38;2;9;99;-10766413
79;34;60;0;-11322705
25;8;72;99;-6864855
11;51;54;0;-4654980
59;41;92;99;-6882608
80;39;99;19;-10922226
60;13;86;0;-7218658
30;99;98;99;-6923014
1;64;99;60;-6583044
9;36;81;0;-15313838
68;20;16;99;-2567614
70;72;99;64;-10989655
7;94;28;0;-1470921
37;78;33;99;-9047872
78;82;0;8;-12490699
84;41;99;76;-7462581
16;81;40;0;-2896921
44;4;87;99;-9878665
63;64;0;79;-13567009
78;70;99;30;-16045400
85;39;36;0;-8578500
0;10;87;99;-3650987
78;2;0;11;-5916338
38;62;99;73;-14729247
81;26;33;0;-1364529
68;40;26;99;-1300921
86;90;0;82;-14629394
66;33;99;6;-7768000
13;59;14;0;-3745978
97;80;37;99;-8407107
76;95;99;21;-16706688
3;56;89;0;-970627
71;47;71;99;-7841270
73;26;0;69;-15593572
76;3;99;5;-6092552
13;83;10;0;-8069086
1;72;26;99;-2829057
20;86;0;26;-5452499
49;95;99;58;-6710082
92;9;92;0;-8119468
88;55;47;99;-2397900
67;93;84;0;-14274224
74;41;85;99;-5917163
49;43;99;88;-2392303
48;74;10;0;-14143122
23;44;74;99;-4356490
67;79;0;19;-11341607
13;13;99;69;-5142092
82;45;45;0;-3579059
19;76;66;99;-997501
7;54;99;21;-13090825
61;37;56;0;-7746268
89;4;6;99;-16005584
58;36;0;97;-5694091
78;82;99;58;-2956594
55;90;23;0;-5522000
54;37;66;99;-836594
71;31;0;63;-4978547
86;90;99;25;-1940566
24;65;36;0;-10156562
51;54;53;99;-2432531
70;49;99;26;-12277438
49;45;98;0;-10142955
50;77;34;99;-12018420
77;7;99;80;-5251432
2;31;34;0;-3862762
64;11;80;99;-3811214
84;85;79;0;-7351640
14;86;65;99;-10314772
76;96;0;12;-9932076
47;69;99;64;-4890894
20;0;60;0;-5305211
80;34;70;99;-12417915
6;1;0;69;-2790355
88;80;99;38;-13826927
78;42;24;0;-6345510
98;84;5;99;-12821338
69;91;93;0;-12138390
7;63;63;99;-6396859
33;64;99;51;-10502882
42;26;37;0;-10733588
7;16;73;99;-9830788
52;82;51;0;-13946259
10;70;30;99;-317502
38;57;99;6;-8095194
48;56;2;0;-2307430
77;74;18;99;-965247
60;28;0;94;-1382798
89;64;99;0;-915194
19;58;31;0;-6921590
69;92;29;99;-10432571
6;65;51;0;-2982777
35;1;19;99;-8616473
7;0;99;91;-9833047
98;19;50;0;-14155275
75;58;57;99;-10140129
39;68;0;97;-230954
63;51;99;24;-11984908
74;91;48;0;-11852927
25;33;17;99;-4959376
28;62;99;51;-3262516
72;59;91;0;-11989514
80;96;98;99;-2726781
81;52;0;60;-11601982
30;58;99;35;-8819236
61;96;70;0;-14989109
48;82;3;99;-8533015
51;68;99;18;-9232966
11;90;46;0;-1281766
18;47;74;99;-7713864
27;41;0;21;-2314270
65;3;99;14;-14809668
17;93;24;0;-14071013
23;65;92;99;-5880772
52;89;13;0;-1623071
72;51;45;99;-7657842
35;59;0;80;-8339279
27;36;99;83;-1171720
46;89;77;0;-6503314
12;54;7;99;-11492914
45;31;99;84;-12513481
54;22;90;0;-8173491
23;60;30;99;-13360480
88;58;99;6;-10887731
40;92;53;0;-16409137
36;18;92;99;-8770213
95;79;0;16;-2073100
13;80;99;51;-2153301
80;21;93;0;-14280947
99;13;63;99;-12246178
55;89;0;23;-11843520
58;88;99;41;-6555074
37;49;52;0;-15543402
38;74;65;99;-4653496
14;84;99;87;-13773947
99;33;24;0;-7773718
40;51;29;99;-11463399
40;44;99;61;-15474769
63;96;5;0;-16263983
93;71;37;99;-13825321
20;50;99;66;-15394431
12;41;99;0;-11684645
44;83;35;99;-13858165
15;20;0;8;-5804371
99;19;99;95;-10438828
72;7;68;0;-9931645
37;51;48;99;-12074272
86;29;45;0;-7298023
4;4;5;99;-15831518
7;12;0;44;-14698761
83;47;99;41;-752473
71;26;68;0;-8785750
67;6;28;99;-15225721
29;16;99;19;-13075191
52;74;87;0;-6956067
85;83;45;99;-12504449
82;69;0;65;-14155909
5;16;99;72;-13444224
43;65;96;0;-8385581
32;88;12;99;-6337588
33;46;0;8;-1958302
24;99;99;50;-15765586
28;35;41;0;-1342053
94;24;43;99;-7774828
92;93;0;31;-881392
60;24;99;29;-9463320
24;94;84;0;-7056275
10;2;96;99;-11076310
86;82;99;80;-14929280
33;68;50;0;-13952153
1;21;17;99;-14049840
20;11;99;98;-16487165
37;38;70;0;-9831382
1;72;89;99;-15107293
76;94;49;0;-16544682
73;66;77;99;-14524349
7;23;99;98;-4731342
61;64;16;0;-1300325
47;52;48;99;-4892976
32;32;25;0;-2489764
19;30;66;99;-13233737
96;72;0;98;-4000329
12;78;99;40;-13758378
41;27;97;0;-3869129
46;42;72;99;-7011256
4;84;0;7;-16766384
67;58;99;88;-6292984
27;0;77;0;-12340020
28;24;71;99;-11970616
85;93;0;49;-1552494
66;34;99;50;-2777697
33;27;7;0;-15976555
48;8;75;99;-2543410
95;59;35;0;-15725479
73;18;77;99;-951886
13;14;21;0;-6970365
37;85;93;99;-11565512
85;99;99;12;-8989390
66;15;84;0;-14929506
30;9;89;99;-4602949
72;96;99;53;-9497025
99;65;67;0;-6360850
85;86;17;99;-4869715
18;41;0;44;-12783500
11;2;99;76;-8183386
42;36;5;0;-7454387
57;88;33;99;-3206057
75;44;64;0;-12560624
82;13;83;99;-7171642
69;76;0;30;-11311447
42;86;99;12;-11302051
4;50;9;0;-12942779
36;60;93;99;-3085333
87;98;29;0;-9613773
60;99;79;99;-16060096
45;71;92;0;-8644510
98;58;5;99;-9453909
85;40;65;0;-2141432
69;42;44;99;-14893164
47;89;99;70;-5246983
42;56;65;0;-15352291
25;45;35;99;-4783982
31;46;95;0;-3590827
90;28;48;99;-7212316
77;1;22;0;-191317
22;2;47;99;-3370501
25;98;99;48;-1696167
90;5;21;0;-7285559
73;33;5;99;-10495128
36;56;38;0;-3844804
3;53;21;99;-10111813
67;66;99;28;-12635297
40;72;32;0;-9835606
31;83;90;99;-11272659
89;67;87;0;-14919875
70;9;36;99;-6375648
58;33;0;61;-11976328
46;29;99;59;-6806241
50;57;30;0;-12900271
30;12;48;99;-3378606
72;26;0;19;-13630811
89;60;99;36;-8115584
95;56;84;0;-2357771
36;26;94;99;-14151016
20;8;0;83;-427618
10;25;99;32;-14231381
7;14;21;0;-5897271
34;84;36;99;-10753729
92;84;99;41;-7956142
46;81;2;0;-8124840
36;84;32;99;-6978021
81;0;0;50;-7852470
16;79;99;5;-6661464
92;55;98;0;-1172961
83;97;65;99;-10836382
69;27;99;57;-14005501
99;26;19;0;-1834932
86;60;83;99;-4325058
87;39;19;0;-14836641
56;40;95;99;-1698165
6;63;0;8;-9936068
40;91;99;64;-14068780
28;66;52;0;-166718
39;45;5;99;-6499701
54;71;24;0;-9741033
97;89;48;99;-16067584
38;51;0;71;-8337204
98;15;99;10;-1409589
62;58;15;0;-7355265
43;91;81;99;-11689081
99;86;99;93;-12282173
54;86;7;0;-3226106
19;11;31;99;-13279842
78;56;0;72;-13706908
49;52;99;20;-8885622
75;92;96;0;-1410685
41;54;76;99;-8463928
70;60;0;53;-13239855
17;18;99;69;-11386974
79;32;45;0;-6564042
5;85;27;99;-1585583
60;38;99;67;-13251767
42;48;85;0;-3887328
43;32;50;99;-6346032
6;66;24;0;-9824472
50;48;67;99;-12534179
92;36;81;0;-2255064
30;43;72;99;-2443911
54;52;99;9;-12069836
73;16;44;0;-6648400
36;71;59;99;-13281940
42;36;99;16;-7956106
17;20;15;0;-356843
81;88;83;99;-2194286
13;72;0;10;-4361272
43;55;99;83;-11167104
85;10;45;0;-11886092
53;51;70;99;-8404805
89;97;99;54;-10336986
34;73;22;0;-10179881
72;19;8;99;-15833838
82;53;0;0;-4323182
11;68;28;99;-7418746
73;34;60;0;-4196154
12;92;21;99;-333463
80;25;99;1;-2102504
65;92;32;0;-8809357
73;65;94;99;-6623796
67;97;99;45;-4987098
10;67;78;0;-15915833
12;25;72;99;-1250999
0;80;31;0;-1602060
11;55;8;99;-6247510
79;77;99;60;-7408974
73;13;55;0;-11631958
60;92;96;99;-8018426
56;50;0;83;-11298798
81;90;99;10;-15230469
19;29;81;0;-12981108
78;69;53;99;-11374758
43;97;0;69;-13328696
68;62;99;51;-2745616
20;84;72;0;-5059760
39;37;46;99;-13812417
94;93;20;0;-12199049
79;83;56;99;-8168376
61;70;0;6;-12604593
89;5;99;99;-13594545
3;84;59;0;-3623040
27;69;66;99;-11731619
73;88;99;38;-16161359
41;28;76;0;-12632518
4;43;83;99;-13509469
62;67;0;10;-8513591
92;1;99;29;-6955308
80;36;5;0;-7360000
6;24;9;99;-8487017
32;12;99;16;-8918438
28;23;12;0;-8312144
38;75;11;99;-11345626
80;29;25;0;-11384355
94;57;20;99;-3109752
48;5;99;12;-449154
87;34;25;0;-12738660
78;95;66;99;-10529068
94;99;15;0;-9762778
4;5;96;99;-622979
5;34;18;0;-6132023
36;17;64;99;-13560684
73;79;0;51;-8262523
31;80;99;66;-6025876
39;63;64;0;-10541430
0;71;59;99;-10330791
83;8;23;0;-9488270
86;51;18;99;-5141177
22;4;36;0;-8266351
72;38;70;99;-9270852
62;34;99;38;-10009745
15;90;58;0;-16441949
65;20;93;99;-1719745
82;87;99;48;-7095390
12;27;85;0;-14768965
33;95;78;99;-15050650
81;17;33;0;-15384603
2;63;1;99;-16314763
55;55;0;27;-2012640
70;20;99;13;-4362690
12;9;12;0;-14812239
90;46;5;99;-2383812
30;0;0;24;-13356649
38;44;99;9;-3477974
38;72;29;0;-4279400
67;52;10;99;-12366274
85;6;0;72;-6225555
60;80;99;17;-11189134
85;52;52;0;-12115626
98;34;40;99;-8707329
91;94;99;73;-8021109
31;87;31;0;-9732533
32;25;17;99;-10550065
61;56;99;69;-15149810
69;47;71;0;-2018539
76;19;3;99;-10534179
38;47;55;0;-9804653
57;80;53;99;-9738975
67;62;45;0;-14856339
58;85;83;99;-13509408
60;26;0;96;-3687344
56;12;99;59;-2445696
73;58;75;0;-15475484
9;92;0;99;-2629792
98;20;99;33;-362171
21;65;46;0;-1851880
1;48;74;99;-12689840
61;23;0;29;-14278946
57;42;99;75;-9739454
25;89;83;0;-3096822
93;46;54;99;-2021302
13;38;99;93;-15597678
24;97;96;0;-15588322
48;91;40;99;-13757828
89;63;0;24;-16700397
52;17;99;77;-4332400
63;21;39;0;-8233730
78;40;20;99;-2053849
43;71;0;94;-10284256
90;45;99;85;-1516886
91;89;57;0;-8099430
80;41;58;99;-4097063
86;20;63;0;-2890047
58;11;48;99;-660669
77;67;99;13;-8212526
37;10;74;0;-8238844
79;19;22;99;-915488
52;71;99;29;-16521144
81;48;79;0;-11239932
11;81;14;99;-6771145
30;57;0;17;-2673124
65;27;99;24;-2372979
73;99;92;0;-8010713
77;55;22;99;-14539566
55;58;99;95;-8316723
77;88;77;0;-7936180
34;32;15;99;-2458484
7;4;0;45;-10311689
10;53;99;80;-2818723
0;4;30;0;-7796528
13;30;73;99;-5990270
40;31;0;5;-2978837
82;95;99;3;-15828209
43;34;17;0;-14153730
60;70;75;99;-10389455
39;75;99;64;-14545846
49;77;45;0;-6037725
36;90;89;99;-8306514
61;92;99;24;-10761101
83;18;46;0;-7993696
73;60;3;99;-7770821
88;6;99;35;-10461218
27;4;22;0;-778556
45;97;43;99;-7708744
85;84;0;19;-15592092
30;37;99;41;-4253777
19;59;34;0;-10075614
7;51;84;99;-14619914
5;87;99;85;-7751121
42;55;22;0;-10133243
73;61;65;99;-15455214
80;13;99;65;-4177581
22;86;75;0;-7990170
31;97;54;99;-2794108
20;10;16;0;-11557756
66;3;63;99;-15611429
40;48;74;0;-4685183
97;36;73;99;-702866
95;25;99;20;-11921402
90;3;5;0;-10136303
10;25;94;99;-2095374
76;52;99;57;-4411457
82;71;44;0;-7382207
86;27;99;99;-10238194
5;32;99;44;-3814657
53;52;79;0;-1783378
26;57;30;99;-4981367
68;65;0;16;-3731595
34;92;99;11;-15345940
16;46;8;0;-4599172
74;8;52;99;-14527186
89;39;0;49;-15332583
56;91;99;95;-13457163
8;43;81;0;-890870
1;32;79;99;-3575227
80;21;43;0;-14898435
35;83;68;99;-7163859
37;92;19;0;-10594123
31;24;43;99;-15333273
34;38;1;0;-12282004
71;23;17;99;-9752302
63;27;89;0;-2075898
84;61;93;99;-10458305
3;34;99;93;-13747892
43;4;91;0;-355542
60;16;36;99;-7527018
94;94;83;0;-10903903
39;65;66;99;-5483870
28;79;99;12;-10714616
2;8;7;0;-2718517
59;63;32;99;-5351654
45;68;33;0;-13985422
17;79;46;99;-10431163
9;1;0;53;-464922
11;63;99;34;-13156442
73;9;43;0;-3515236
30;45;55;99;-12275545
77;4;29;0;-12276952
77;42;60;99;-3276040
69;10;84;0;-2226678
74;26;97;99;-1144198
5;89;0;5;-390192
99;0;99;51;-1622593
19;65;80;0;-9499992
52;19;54;99;-5174915
59;95;0;51;-3381394
35;27;99;87;-151149
61;72;83;0;-3557111
34;55;78;99;-6369609
85;22;0;39;-7457922
13;90;99;93;-5192378
55;56;21;0;-2217904
15;32;51;99;-11242346
87;73;97;0;-14602149
68;41;78;99;-456878
91;34;0;81;-4936967
88;45;99;84;-4167520
5;57;34;0;-836285
75;74;98;99;-14222801
18;28;0;41;-2466962
63;0;99;58;-13196120
70;19;89;0;-7799172
20;23;2;99;-1875540
46;92;0;64;-9828470
73;32;99;27;-12524470
97;6;78;0;-2858621
86;42;9;99;-11094067
56;99;0;0;-1002870
5;10;37;99;-6392976
96;11;99;30;-2276120
53;71;96;0;-9062299
80;87;10;99;-1696571
8;31;99;89;-6378015
76;19;25;0;-14034141
93;68;81;99;-1120670
38;66;80;0;-14890970
56;36;93;99;-6228017
51;6;39;0;-11978607
71;51;39;99;-4773095
53;32;99;1;-13686670
23;93;76;0;-4944818
51;49;69;99;-993705
99;5;99;49;-10584793
66;91;57;0;-1643080
6;85;72;99;-15319032
10;98;99;2;-2465697
57;88;18;0;-778939
76;73;27;99;-4263133
64;15;99;94;-12132058
91;31;66;0;-13485728
64;98;19;99;-4903120
97;32;0;71;-1656523
49;34;99;44;-10051795
65;9;95;0;-10524287
40;31;3;99;-8733522
18;45;41;0;-1070289
99;18;56;99;-14674644
64;2;99;70;-8539171
48;83;29;0;-10649672
80;88;23;99;-10989898
74;78;55;0;-6193423
77;47;2;99;-2531709
25;69;99;29;-10145725
18;14;88;0;-5077017
55;63;17;99;-8987955
16;1;0;93;-4077388
68;40;99;1;-9970622
20;37;98;0;-12654638
57;93;86;99;-9019080
26;36;0;46;-4087719
80;77;99;84;-14938137
49;26;2;0;-12625812
56;27;27;99;-16661375
64;32;0;61;-13948526
6;88;99;91;-10494588
88;74;14;0;-876107
36;22;5;99;-14833831
21;77;0;47;-3838531
77;76;99;90;-7760325
59;37;96;0;-2527782
40;6;78;99;-4466420
49;42;85;0;-204070
59;16;6;99;-15905737
49;24;76;0;-14193662
24;54;83;99;-9478969
24;70;99;70;-563777
74;79;88;0;-10235413
82;79;90;99;-966692
48;13;0;15;-5908126
19;89;99;41;-15580515
28;33;27;0;-385723
53;76;64;99;-14178656
6;36;47;0;-13801800
89;16;34;99;-16060396
87;14;99;45;-8698611
43;49;7;0;-5642740
63;55;52;99;-16257434
63;32;99;65;-11207238
86;71;68;0;-365682
71;96;42;99;-14876936
53;14;56;0;-1526393
69;94;81;99;-1454217
40;76;67;0;-1587784
41;72;81;99;-15018926
4;54;0;95;-2542111
30;22;99;43;-16510626
34;76;76;0;-9040157
68;15;88;99;-13671971
23;61;44;0;-6650953
50;77;87;99;-10448119
11;91;0;28;-8907139
38;23;99;22;-7632874
55;64;41;0;-2400894
17;37;25;99;-15447029
28;51;82;0;-9685600
80;30;51;99;-998312
20;3;51;0;-11699423
85;24;78;99;-130367
91;87;99;61;-70152
11;14;4;0;-16078054
85;36;18;99;-9598216
96;97;99;28;-5345240
10;93;6;0;-964988
91;41;92;99;-63919
9;26;99;32;-2005769
76;37;50;0;-3781916
96;22;54;99;-12749040
1;37;99;32;-2707017
88;59;92;0;-888181
5;61;76;99;-14076334
81;43;0;33;-6308049
25;64;99;31;-11265080
74;72;43;0;-772924
36;19;3;99;-3542018
13;1;0;72;-6027179
92;7;99;44;-13444828
10;13;0;0;-7957299
14;89;11;99;-2614730
46;72;99;8;-12957790
88;93;98;0;-5608466
58;20;96;99;-4475172
56;82;0;1;-14186028
71;40;99;84;-13889573
75;55;16;0;-8444281
15;59;21;99;-9711539
97;39;99;0;-7114070
0;60;21;0;-3719450
31;88;59;99;-431616
55;70;99;59;-3939917
69;48;61;0;-12788020
36;36;79;99;-13207153
48;57;99;24;-215881
99;94;55;0;-7379890
36;42;89;99;-6149790
99;4;14;0;-9488431
18;16;43;99;-16633838
0;77;99;34;-14711666
96;58;69;0;-14227445
65;8;10;99;-13760466
84;72;3;0;-1418460
10;37;48;99;-7512007
84;80;99;28;-7624183
14;94;87;0;-13635047
41;79;29;99;-7498150
82;78;99;4;-3545660
84;48;54;0;-12134129
26;86;60;99;-3812043
27;21;0;57;-12406466
70;77;99;32;-6191145
28;90;67;0;-9303686
26;26;14;99;-9432585
19;20;0;75;-9867903
53;46;99;19;-10702044
44;40;61;0;-12204950
77;49;19;99;-2447649
60;74;0;65;-8482651
8;67;99;26;-9396027
23;98;61;0;-7875189
31;16;56;99;-14164167
65;51;0;61;-7246661
49;48;99;12;-7307330
87;31;32;0;-1803935
68;32;87;99;-16371105
44;23;99;99;-13172209
62;26;11;0;-15412718
43;27;2;99;-3041985
34;36;83;0;-3834178
75;27;61;99;-3073829
77;6;56;0;-8017653
5;97;85;99;-7703046
93;57;0;75;-11988035
39;76;99;16;-12550358
61;63;30;0;-12631673
1;67;83;99;-7077140
97;14;99;66;-5405386
4;69;79;0;-8469486
33;95;1;99;-422655
46;29;84;0;-9748555
21;24;49;99;-687587
62;46;0;89;-5228518
59;82;99;73;-15165816
10;24;96;0;-5686065
40;44;77;99;-5024130
14;90;99;86;-764753
35;73;87;0;-16110409
70;67;89;99;-12683196
20;24;84;0;-11331171
17;23;62;99;-10869930
98;83;99;0;-2878940
56;58;2;99;-13596458
28;36;99;62;-11566355
58;52;15;0;-8985274
46;83;54;99;-3799259
57;68;99;40;-9806742
71;14;76;0;-7727317
98;64;14;99;-7020340
97;67;0;9;-5435890
6;67;99;99;-511460
13;99;56;0;-3042622
75;79;16;99;-659463
22;35;0;98;-2987569
49;36;99;23;-7566867
93;58;79;0;-463177
84;91;52;99;-1448755
26;39;0;47;-10912976
59;77;99;81;-12055245
13;76;6;0;-11393058
81;24;49;99;-15506969
84;7;99;83;-2378261
42;30;27;0;-859673
35;23;84;99;-14081882
87;45;99;64;-14026049
10;57;54;0;-13667127
3;24;67;99;-3962405
68;95;74;0;-15703020
30;58;97;99;-12317225
38;95;78;0;-2635376
90;76;60;99;-11762185
89;13;0;50;-9957031
31;61;99;30;-3245812
70;16;21;0;-9567971
37;41;33;99;-8218044
26;53;0;3;-8963355
8;11;99;9;-7406445
90;15;35;0;-6480727
69;41;70;99;-5396374
35;41;0;65;-1505283
26;54;99;34;-4124574
60;59;64;0;-1640730
58;52;5;99;-8938670
96;56;99;11;-8953538
18;30;39;0;-14073661
14;81;42;99;-4244644
64;58;99;5;-13148503
0;47;23;0;-12058239
16;4;31;99;-3797067
27;72;0;83;-5681981
2;93;99;43;-13820762
9;97;32;0;-5957493
41;19;39;99;-14903241
59;81;99;63;-4427296
99;54;72;0;-5608751
77;47;95;99;-14572611
86;83;99;8;-2234261
94;64;59;0;-11167370
10;19;38;99;-3456735
29;71;99;14;-6216763
32;93;11;0;-8683596
69;42;42;99;-3873062
77;74;0;49;-15062206
99;14;99;3;-3174403
42;24;31;0;-1883113
79;26;40;99;-14230163
29;48;0;94;-14893499
37;76;99;60;-6089863
40;87;77;0;-7772730
64;18;40;99;-14650339
40;22;56;0;-11640230
92;80;43;99;-15672323
26;66;0;84;-10054716
24;85;99;79;-1275631
1;72;9;0;-8438640
52;6;64;99;-3184763
0;42;99;66;-8701194
52;90;92;0;-7690093
22;45;24;99;-7984737
17;0;41;0;-3917286
46;58;47;99;-1485350
15;22;35;0;-1768315
56;72;93;99;-7295659
12;40;99;1;-15458766
59;15;18;0;-323840
95;87;68;99;-8137583
48;57;99;65;-3447757
4;53;52;0;-10087606
80;47;29;99;-15896921
38;13;0;40;-16472420
9;67;99;61;-6771665
69;87;89;0;-5415549
53;42;53;99;-8175949
30;5;99;82;-6577369
53;12;61;0;-5130871
94;22;15;99;-3642418
48;18;0;38;-10857450
41;35;99;21;-1091349
47;36;78;0;-435840
85;16;43;99;-12684165
80;19;80;0;-5450684
61;51;77;99;-16628708
8;2;4;0;-13858711
62;26;51;99;-679752
56;25;99;22;-7832562
0;78;27;0;-6323147
97;81;25;99;-4775342
88;26;31;0;-11145928
92;94;32;99;-2260172
47;62;99;8;-15490944
95;28;8;0;-8351930
44;76;58;99;-2515063
4;68;99;95;-7062299
14;33;50;0;-4229832
75;98;30;99;-11917510
36;47;21;0;-10382305
17;54;54;99;-7100755
3;21;97;0;-3731892
43;32;82;99;-15464038
19;6;0;2;-11387068
74;45;99;40;-12483753
73;30;47;0;-7617765
17;20;89;99;-13114293
88;39;99;10;-4512603
52;99;23;0;-1921162
97;82;40;99;-9890719
88;92;12;0;-6184427
98;97;93;99;-1529762
88;28;70;0;-4771372
33;43;92;99;-1749766
26;35;0;92;-4187674
52;55;99;1;-15518330
96;83;53;0;-10169971
53;71;11;99;-8349626
90;12;99;62;-5422854
44;84;38;0;-12874560
45;38;20;99;-14085711
54;52;0;34;-12190897
56;66;99;62;-6186878
21;97;83;0;-11090303
55;26;54;99;-10054375
5;51;53;0;-1626313
60;89;99;99;-7132959
9;75;0;34;-16550853
8;33;99;69;-3260261
3;7;81;0;-4120927
96;98;47;99;-12592895
40;20;99;92;-6906917
79;85;50;0;-9107156
2;47;82;99;-5544990
74;3;99;20;-6620934
10;16;17;0;-10343962
74;96;91;99;-3787208
10;50;93;0;-8017635
11;83;52;99;-2686960
85;95;99;93;-15081212
42;66;81;0;-14521909
46;86;51;99;-3523859
33;12;99;44;-1646840
81;77;5;0;-5219086
4;96;70;99;-3584362
40;88;99;74;-5182628
57;52;90;0;-14752701
95;17;31;99;-15337591
11;21;9;0;-13522523
55;2;5;99;-2697854
54;99;99;48;-10798986
61;80;8;0;-3654153
28;85;44;99;-15808964
63;12;63;0;-8346143
85;38;18;99;-2028954
94;36;68;0;-7795555
30;57;27;99;-11478015
73;71;0;41;-4133374
45;83;99;58;-12133324
74;93;12;0;-8668609
79;45;32;99;-7375637
2;34;97;0;-2514807
15;90;39;99;-16134670
94;47;99;72;-14332780
12;3;15;0;-515019
49;2;68;99;-7102746
52;28;26;0;-10939961
30;11;61;99;-14502525
68;29;0;18;-13164372
27;84;99;90;-10801005
94;27;29;0;-12884804
38;37;30;99;-13004007
49;25;78;0;-10786047
8;93;55;99;-6477957
76;14;29;0;-7818707
25;48;66;99;-1396367
70;73;73;0;-3445636
78;73;49;99;-16241656
54;3;99;54;-4594158
68;48;44;0;-4497673
38;48;10;99;-7062937
59;99;0;8;-13793602
89;33;99;67;-6078770
26;87;53;0;-6021156
51;55;2;99;-9329805
85;19;99;35;-2732967
0;57;92;0;-12177385
84;31;69;99;-2258902
38;83;0;53;-14013146
56;56;99;0;-3027977
66;2;67;0;-12561696
99;27;63;99;-3839273
26;25;67;0;-4985593
23;75;69;99;-10379177
89;70;85;0;-12691622
75;78;24;99;-11216595
80;87;99;95;-16123323
24;42;36;0;-14285913
97;28;59;99;-11033629
36;13;27;0;-8638938
5;6;84;99;-8556046
45;40;99;9;-3152767
7;69;11;0;-6240190
3;97;55;99;-13053920
96;78;0;6;-8380355
0;77;99;83;-4313070
12;31;58;0;-2739421
92;39;44;99;-16592067
24;18;3;0;-2822130
32;35;21;99;-7355375
86;50;0;33;-3789253
22;99;99;23;-14385041
95;11;89;0;-5801334
26;88;1;99;-5375959
45;78;99;58;-16323512
35;94;43;0;-4714014
47;52;88;99;-6666094
68;85;99;56;-11826809
86;50;9;0;-12382710
33;13;22;99;-1874217
95;84;99;10;-7451820
18;22;50;0;-15416585
35;42;87;99;-15800580
69;11;0;0;-9145603
85;19;99;71;-3633418
36;24;52;0;-11820450
18;7;1;99;-5637924
12;44;0;62;-9606116
19;63;99;12;-16542003
45;19;21;0;-11642848
46;46;95;99;-5200550
54;91;99;45;-8897981
67;99;87;0;-2214786
95;52;60;99;-543157
21;36;0;32;-15903426
0;93;99;99;-7622251
83;3;5;0;-16542003
10;41;20;99;-980027
86;5;0;10;-3879245
32;91;99;14;-8301978
43;97;17;0;-232866
60;4;18;99;-4145854
23;2;19;0;-5454986
57;65;54;99;-10735531
38;9;83;0;-15270337
56;47;93;99;-2747881
30;34;0;12;-10421343
42;26;99;53;-15120875
38;77;31;0;-652165
76;22;73;99;-14188445
56;91;0;92;-175013
58;85;99;70;-7919883
93;7;93;0;-6239071
37;83;79;99;-5901137
78;65;99;61;-9858006
15;40;23;0;-3896787
3;96;99;99;-2966506
40;18;99;18;-10737026
25;90;0;0;-14369744
74;92;67;99;-9722047
31;69;96;0;-3430198
94;21;70;99;-7034890
65;89;77;0;-6324622
51;0;97;99;-10517055
0;25;87;0;-1587061
40;92;30;99;-15499645
92;59;99;98;-14440669
73;84;27;0;-14720564
22;57;53;99;-7057426
22;84;0;45;-7201978
2;79;99;83;-11230562
9;52;27;0;-7371085
68;85;98;99;-15604741
29;93;37;0;-11412823
72;78;28;99;-14207422
67;8;20;0;-1201833
48;36;74;99;-12071746
53;27;0;49;-16637608
59;63;99;60;-1672432
27;7;77;0;-2070491
22;12;37;99;-11644758
68;90;99;61;-3385074
30;23;77;0;-9483729
25;62;18;99;-15076632
24;17;99;38;-3207477
82;62;95;0;-4182929
28;46;2;99;-16658265
87;98;76;0;-14045978
91;1;22;99;-15378045
16;56;66;0;-6567551
7;48;29;99;-5038674
93;78;99;61;-7299564
77;33;63;0;-6843939
98;59;39;99;-11267317
42;91;89;0;-10485028
14;64;10;99;-6512857
58;39;0;11;-11891899
10;42;99;31;-8694613
75;53;50;0;-13078669
82;51;9;99;-6379590
46;27;99;62;-16324252
74;38;38;0;-12118063
98;15;91;99;-5715793
60;84;99;19;-11413531
84;23;66;0;-10842473
47;32;20;99;-7372889
3;93;55;0;-15131843
8;23;53;99;-14868988
74;76;99;19;-3359958
86;81;97;0;-13764769
19;36;93;99;-8207923
88;24;33;0;-4385764
60;16;59;99;-16550000
98;11;44;0;-14815848
64;3;69;99;-14934687
43;95;0;77;-10649278
70;86;99;83;-15392388
41;60;93;0;-11694263
29;99;70;99;-16128725
15;41;0;96;-15547809
67;86;99;45;-2659765
41;58;78;0;-16349917
98;8;0;99;-7218430
47;84;99;36;-11686617
73;9;15;0;-12679881
1;90;79;99;-2726712
98;89;99;75;-4674363
43;80;43;0;-2445056
74;22;97;99;-2004352
0;35;99;64;-8978982
34;56;78;0;-4411467
21;2;74;99;-2715821
27;55;88;0;-9771342
99;27;76;99;-10065183
18;89;99;37;-10173866
79;8;31;0;-3427188
98;54;56;99;-11683468
10;27;62;0;-10623045
16;52;41;99;-5012963
52;92;0;95;-11742543
63;47;99;9;-1566813
32;57;19;0;-7747986
56;13;0;99;-8675691
79;98;46;0;-13507113
54;9;39;99;-5553383
83;48;32;0;-9940108
9;52;74;99;-13284727
14;99;0;60;-7543700
41;27;99;33;-4388418
86;9;17;0;-16228739
70;34;48;99;-2813673
23;67;0;14;-5567036
20;71;99;97;-16542755
71;7;74;0;-1297651
49;44;18;99;-6966408
66;3;99;26;-11754103
58;86;49;0;-6803126
31;64;46;99;-1434687
77;5;61;0;-11761874
53;80;43;99;-10695874
89;57;0;7;-9796670
74;75;99;81;-5828780
30;37;0;0;-2297907
46;59;27;99;-14368710
14;68;16;0;-6009263
63;25;62;99;-2715048
78;65;99;59;-1531591
97;17;22;0;-10856251
74;37;54;99;-6444804
32;63;99;60;-518868
69;31;25;0;-16530720
22;24;27;99;-9338058
48;5;61;0;-6648861
94;20;95;99;-11837954
74;86;99;90;-5269030
67;70;77;0;-6558550
37;74;41;99;-16026890
2;37;99;31;-2811002
28;18;30;0;-795079
9;50;32;99;-15200528
37;9;59;0;-4104931
70;53;95;99;-459464
86;23;0;7;-15018364
44;96;99;16;-8564125
22;89;96;0;-305079
30;54;78;99;-14719205
83;60;0;23;-12815270
55;38;99;97;-13404048
37;46;8;0;-11223865
9;69;9;99;-8178794
98;34;99;1;-1987653
64;39;93;0;-15465021
94;22;25;99;-14039412
97;18;0;54;-15789423
41;43;99;62;-16126010
95;91;9;0;-926397
83;6;39;99;-11031800
98;59;99;79;-6354859
9;68;0;0;-717734
58;31;34;99;-3867028
48;17;99;99;-12035768
82;43;65;0;-15612700
24;43;57;99;-4297227
89;75;0;21;-16593707
58;3;99;53;-12046765
65;58;6;0;-7266050
85;84;65;99;-10403121
34;93;99;42;-4208692
88;30;4;0;-438661
51;87;63;99;-7904141
91;23;0;51;-15782484
18;75;99;81;-16400686
7;6;0;0;-3809400
14;43;76;99;-10079424
13;12;99;77;-155065
94;0;33;0;-12022769
87;88;13;99;-15891709
12;35;0;81;-11643607
22;20;99;89;-3517718
1;13;93;0;-10260879
11;52;2;99;-4361716
14;88;99;32;-2472702
80;12;83;0;-4554013
5;49;54;99;-583470
25;13;82;0;-4981322
38;80;66;99;-3878151
35;20;93;0;-4962005
96;83;50;99;-15318302
92;37;86;0;-13391537
11;75;61;99;-13314236
33;98;73;0;-14122764
68;26;64;99;-8567027
81;31;99;33;-12999952
29;81;75;0;-7756368
57;38;43;99;-7198065
38;25;99;18;-11819216
96;53;29;0;-2890480
25;26;81;99;-11037173
19;62;73;0;-5733765
86;84;44;99;-13690447
57;16;99;78;-14119719
77;37;44;0;-5631743
67;72;69;99;-9435741
51;36;99;57;-7100685
63;74;34;0;-2868640
47;15;84;99;-3991501
81;43;99;12;-14305159
23;94;58;0;-9846215
4;83;96;99;-966413
89;17;99;87;-16633228
12;1;80;0;-8619860
20;57;67;99;-15395442
63;32;0;59;-3193108
3;3;99;27;-86742
51;80;60;0;-6627693
77;53;16;99;-3110605
98;88;0;74;-4179014
54;68;99;54;-5648077
20;64;24;0;-12622747
31;51;79;99;-2435804
50;24;99;11;-2818122
72;74;57;0;-7234486
41;80;2;99;-10889441
89;14;99;70;-15436482
81;91;99;0;-16667790
17;74;15;99;-3476561
21;1;99;23;-2202014
75;20;20;0;-14902256
62;35;34;99;-12829886
54;19;0;78;-4068129
81;46;99;46;-6846392
4;88;44;0;-373180
72;34;36;99;-5257125
30;43;99;42;-5800510
34;47;51;0;-12173588
67;75;97;99;-11908407
50;95;99;8;-3864687
41;22;56;0;-12393208
26;36;2;99;-6837310
74;97;65;0;-13109267
93;97;77;99;-6980316
64;74;99;63;-4144338
2;8;47;0;-518625
38;60;46;99;-1008005
89;72;0;3;-1655667
39;90;99;32;-3140851
46;27;52;0;-8142926
10;25;83;99;-8874933
24;93;0;43;-1462683
72;93;99;21;-8199265
52;99;21;0;-3323999
67;52;36;99;-2706130
81;33;99;80;-13441489
40;44;28;0;-6399906
31;96;2;99;-1840200
46;65;43;0;-6331312
69;3;53;99;-14295449
6;87;79;0;-15846916
68;71;59;99;-7704228
87;56;81;0;-3914688
97;1;80;99;-9296402
99;50;0;69;-5223098
79;9;99;70;-6057528
1;97;67;0;-5249071
94;92;7;99;-16309049
37;3;48;0;-6051142
0;21;31;99;-490168
20;28;0;73;-7707825
58;37;99;34;-2017584
68;85;21;0;-79647
3;42;40;99;-15947486
91;51;13;0;-12460285
30;37;28;99;-15283467
44;84;10;0;-13246252
9;76;38;99;-12467279
67;5;0;42;-15994303
83;71;99;75;-3350666
76;26;20;0;-13915535
65;94;33;99;-3899328
51;25;0;10;-8719656
12;8;99;50;-3278208
99;13;28;0;-13013421
74;2;46;99;-4763527
85;10;99;68;-825209
50;14;62;0;-8960258
63;30;71;99;-13232045
92;44;0;92;-10578343
34;26;99;83;-13703933
16;61;57;0;-4451195
23;46;58;99;-7873903
31;15;99;44;-2791383
99;8;44;0;-12920539
69;67;53;99;-13367006
56;17;37;0;-3325532
42;69;44;99;-6942888
64;17;0;63;-6142072
54;64;99;25;-7341320
83;34;30;0;-10504711
36;82;42;99;-16303335
85;93;99;8;-16718831
69;30;25;0;-3056912
60;29;49;99;-7641060
91;78;63;0;-8883705
20;30;97;99;-8326568
38;4;0;76;-5169966
80;95;99;26;-4134279
68;62;67;0;-3304647
58;90;62;99;-8026484
50;11;99;16;-9673497
60;8;18;0;-10190983
90;21;95;99;-9071083
66;15;99;31;-4956489
66;50;18;0;-3912294
45;65;31;99;-7767564
51;98;99;84;-11026954
39;63;98;0;-2100097
6;86;88;99;-13601226
48;67;99;48;-1054025
98;29;81;0;-6085428
49;49;90;99;-10795467
89;90;0;35;-376058
81;18;99;93;-7508935
67;74;78;0;-11745927
28;48;27;99;-13047173
37;43;0;16;-8059866
64;30;99;57;-6080284
82;72;0;0;-11248333
11;92;42;99;-3956861
81;52;99;91;-3925295
82;57;41;0;-2439890
56;22;93;99;-12880285
75;37;0;37;-2600165
84;70;99;19;-3290483
52;18;75;0;-5243322
87;96;73;99;-13897767
41;46;7;0;-527788
37;90;27;99;-4119384
6;60;0;0;-662884
86;41;64;99;-6402239
90;68;0;74;-6939269
49;9;99;62;-10478475
85;77;1;0;-6231697
44;45;10;99;-12070760
27;67;99;80;-7628006
68;72;80;0;-5987766
84;73;22;99;-9055684
80;52;99;99;-1994746
6;65;99;0;-10067063
55;91;44;99;-13920637
70;66;0;71;-10554841
70;32;99;60;-15131971
36;62;20;0;-9189233
96;85;13;99;-2072359
30;24;15;0;-2327981
29;63;63;99;-10596463
32;93;0;9;-11607894
85;80;99;51;-1375670
64;87;7;0;-7838445
75;12;16;99;-2234768
96;78;99;62;-10851646
10;34;25;0;-5277967
43;94;90;99;-4292394
36;63;0;50;-9468176
57;39;99;24;-1874680
71;87;53;0;-15317759
57;36;16;99;-12934695
44;45;99;96;-8429753
20;79;93;0;-11410939
21;9;24;99;-10965410
9;12;0;44;-5614356
16;67;99;22;-2682067
49;35;49;0;-11146647
45;25;19;99;-13382305
53;98;0;50;-2602093
42;61;99;96;-7586130
37;45;39;0;-7022526
67;2;30;99;-3281458
69;56;0;70;-11430566
18;54;99;62;-3510888
6;54;56;0;-8302635
20;45;88;99;-5492148
9;21;0;76;-5704571
55;56;99;95;-2766482
38;47;90;0;-13682891
19;64;55;99;-14409545
52;32;99;17;-6734102
94;53;39;0;-6453213
57;83;99;99;-11442441
22;90;0;35;-13328655
24;5;99;65;-11227010
96;16;91;0;-5480426
81;54;71;99;-12655331
41;37;99;0;-11843070
11;13;85;0;-11387811
21;47;29;99;-4970388
22;83;99;24;-16602270
57;78;16;0;-5254584
41;26;15;99;-1347663
31;96;99;70;-12146667
82;86;62;0;-7707643
68;25;69;99;-94102
86;58;0;12;-9281817
30;75;99;57;-5765858
41;72;42;0;-11751375
1;43;12;99;-5766817
28;96;0;17;-188994
99;62;99;25;-357220
15;57;47;0;-1006991
90;81;29;99;-14082895
71;22;0;98;-5459977
53;7;99;88;-4877687
38;97;12;0;-10222577
25;65;75;99;-2910326
71;86;0;58;-16157596
88;50;99;46;-16081217
44;78;84;0;-6283387
19;18;10;99;-11582194
72;23;99;91;-2527586
68;8;46;0;-16100160
78;63;78;99;-2889036
22;92;99;92;-9784701
60;77;81;0;-15470374
85;96;82;99;-11913535
61;97;0;19;-1521358
48;62;99;93;-7964124
34;33;12;0;-10511740
55;5;5;99;-15942145
18;25;0;44;-12659395
88;46;99;33;-10424939
46;9;73;0;-3792001
61;35;96;99;-10299201
79;47;99;21;-1807546
35;77;39;0;-14101016
75;34;28;99;-3281174
6;69;99;23;-6021020
2;56;66;0;-744976
69;37;70;99;-7405108
55;55;0;18;-12275233
87;31;99;1;-14737190
56;82;20;0;-9125439
87;2;21;99;-1975955
67;2;99;11;-15046690
6;33;54;0;-16394928
92;16;1;99;-9335787
10;75;73;0;-6859353
42;26;58;99;-692259
42;93;41;0;-13085603
7;80;29;99;-7165727
14;42;0;71;-14348103
24;30;99;47;-10847221
76;80;6;0;-8106022
30;57;72;99;-16621599
86;35;99;12;-12534783
13;62;2;0;-6415816
74;78;80;99;-3542511
0;97;99;78;-12447236
41;28;4;0;-8823197
40;63;96;99;-10209344
77;5;99;23;-7755189
55;48;33;0;-15575485
78;46;80;99;-1276601
31;76;99;31;-9651888
17;33;81;0;-10805209
25;36;82;99;-3172671
30;30;81;0;-11767360
62;72;51;99;-9915154
6;21;25;0;-3553233
1;58;76;99;-12647935
38;43;99;27;-9802794
19;88;5;0;-9346962
16;98;40;99;-5571999
84;41;5;0;-355540
49;27;38;99;-7305530
67;12;0;8;-10716840
61;57;99;32;-7947899
91;39;87;0;-11033142
60;93;15;99;-10836530
41;27;99;60;-1998951
14;85;13;0;-6439384
61;88;46;99;-15128541
91;0;99;78;-6871306
13;82;13;0;-13543195
69;57;76;99;-3700490
61;72;0;4;-4301427
86;50;99;88;-12022914
49;49;86;0;-2722079
2;81;91;99;-111319
82;49;36;0;-2142627
79;94;29;99;-1816481
71;56;99;69;-8222158
81;1;80;0;-12803870
15;95;54;99;-15867728
83;38;91;0;-11935161
56;32;31;99;-7332640
37;45;0;14;-4141667
10;45;99;61;-8166363
20;2;50;0;-5008813
6;46;21;99;-13178485
81;2;25;0;-11795060
95;55;32;99;-2635489
45;25;0;81;-3663544
87;74;99;37;-10691872
49;62;79;0;-11711367
78;54;12;99;-12600241
88;63;99;30;-7519443
6;73;34;0;-3080211
50;32;31;99;-3162942
10;22;0;82;-4573736
50;4;99;98;-2495671
73;51;84;0;-1397033
38;56;2;99;-14909527
25;30;99;37;-1155661
16;30;55;0;-1286749
75;13;17;99;-14281442
78;8;99;60;-2736628
78;80;23;0;-11137612
68;9;88;99;-15554167
86;80;0;0;-3044771
90;91;99;38;-15956294
12;40;71;0;-13403374
57;72;67;99;-5338572
34;76;55;0;-12044434
38;68;72;99;-13226909
56;36;69;0;-432951
0;47;10;99;-14234494
0;93;93;0;-4187139
93;53;16;99;-4967065
16;18;0;91;-5593338
70;54;99;35;-2950784
98;62;80;0;-15719671
86;19;75;99;-5385859
1;41;0;36;-7222575
52;51;99;35;-1585063
45;26;62;0;-8660349
6;33;47;99;-13833478
77;95;87;0;-15714412
75;34;15;99;-740010
43;35;0;41;-7215016
26;12;99;35;-16633801
5;82;42;0;-1030435
38;38;79;99;-9647315
9;83;41;0;-14574816
9;72;95;99;-6881844
23;8;99;14;-14448708
73;47;51;0;-5782965
40;18;92;99;-2845076
28;9;0;85;-12627228
21;75;99;11;-7817107
65;39;41;0;-12633309
11;98;17;99;-12106351
53;45;0;55;-13904516
98;72;99;94;-6310527
46;40;53;0;-1022751
97;28;82;99;-15975211
38;32;99;3;-6002061
24;90;44;0;-14617700
18;38;0;99;-4632552
11;26;11;0;-15199852
96;62;18;99;-11260038
31;30;99;93;-2275215
66;62;77;0;-10706866
19;90;78;99;-12595087
86;29;99;27;-14869040
29;68;91;0;-2432048
53;82;79;99;-12409896
6;87;99;4;-3352750
46;62;44;0;-13532680
71;6;75;99;-15180711
92;78;11;0;-12735860
92;70;57;99;-8090945
23;33;46;0;-9085244
80;69;73;99;-1042559
73;52;91;0;-8710048
8;28;93;99;-16081803
61;68;52;0;-12881113
58;38;49;99;-4015506
30;62;0;17;-4592765
98;43;99;77;-13224407
31;32;4;0;-2393661
79;20;81;99;-5181221
73;79;99;85;-9997732
28;9;10;0;-15898292
84;40;95;99;-132439
66;14;99;50;-13554903
43;81;20;0;-2049968
71;80;32;99;-958815
74;31;43;0;-9078674
98;71;38;99;-10931409
82;61;0;14;-4581815
6;8;99;79;-15905815
60;64;7;0;-3658231
60;32;37;99;-2396862
44;28;0;28;-14422852
84;2;99;84;-2084996
78;11;31;0;-6094274
65;30;7;99;-14871093
17;28;0;58;-5882976
83;7;99;9;-7414698
73;96;36;0;-14999918
31;21;83;99;-7597096
84;0;0;99;-11526076
59;0;99;18;-3246218
63;77;94;0;-406018
79;53;10;99;-12764793
64;48;0;17;-16463643
96;66;99;55;-14862140
37;58;38;0;-3477162
20;4;15;99;-4903928
31;78;99;23;-12866006
0;67;72;0;-14451118
50;15;23;99;-6100289
74;82;0;48;-1152503
13;94;99;32;-11838207
38;81;67;0;-15494633
61;44;3;99;-5126982
23;19;99;77;-1086488
39;10;99;0;-1481147
0;94;15;99;-1643058
55;41;99;69;-13699017
85;52;95;0;-5248186
91;20;70;99;-12727371
88;24;0;27;-8227543
20;81;99;8;-5977797
1;9;61;0;-8395891
78;97;51;99;-9730643
19;19;0;11;-13603086
38;47;99;66;-2149199
60;72;31;0;-9754705
41;12;68;99;-2368426
87;34;0;81;-9932722
9;56;99;15;-1917455
16;36;79;0;-11761410
76;32;61;99;-3466812
76;62;98;0;-13846547
66;95;94;99;-15078022
54;2;47;0;-14101468
98;49;81;99;-1922782
69;82;99;15;-16333355
36;1;96;0;-419753
28;18;32;99;-102187
76;4;0;93;-13298748
66;11;99;52;-12003999
10;77;66;0;-16663831
33;85;79;99;-9645920
94;88;0;35;-6462996
70;85;99;20;-6159340
66;69;43;0;-6383620
28;6;86;99;-612233
48;69;89;0;-2961713
75;17;54;99;-9572116
15;12;53;0;-6801116
34;78;53;99;-14689399
40;18;99;78;-4422077
5;61;63;0;-14017065
3;99;59;99;-1702192
28;93;11;0;-9453278
20;46;26;99;-2855371
77;37;90;0;-8003746
84;36;76;99;-10696970
12;54;64;0;-4640410
92;68;1;99;-15913578
21;29;71;0;-11135876
20;80;31;99;-5298192
71;52;20;0;-949301
38;16;97;99;-10923434
19;36;51;0;-3202058
1;94;83;99;-4071341
34;49;0;88;-4765607
30;4;99;90;-1080517
9;27;57;0;-4956495
39;44;72;99;-12615101
13;60;24;0;-13009012
3;38;89;99;-5665454
73;17;0;87;-12084494
43;42;99;86;-12750268
10;93;76;0;-12301058
76;88;54;99;-8575801
31;38;35;0;-10783716
32;80;19;99;-15302418
55;36;99;17;-6866414
77;0;19;0;-3031055
20;10;47;99;-15489241
71;78;57;0;-16500427
5;79;46;99;-3459071
23;0;0;95;-11394272
86;64;99;79;-16492266
44;16;82;0;-6226934
67;87;3;99;-14406343
34;38;97;0;-513799
51;15;30;99;-10631515
26;6;0;69;-7399358
47;50;99;27;-16464192
5;48;55;0;-11558456
31;84;89;99;-1339856
77;84;0;60;-16125856
3;63;99;7;-5703557
81;62;17;0;-1541651
70;83;36;99;-13673149
60;6;99;41;-14089297
49;40;25;0;-5969022
30;39;13;99;-12712115
1;88;44;0;-11487227
98;71;99;99;-14994069
91;11;99;97;-3349296
16;33;80;0;-15116241
59;96;18;99;-461738
78;5;37;0;-10555514
21;94;79;99;-14606823
49;48;99;74;-15202848
81;3;52;0;-14638483
83;39;62;99;-5444702
77;22;0;12;-10204103
38;27;99;39;-15368505
46;33;88;0;-5759302
29;6;18;99;-12405515
47;35;0;0;-16293356
27;25;12;99;-4972262
10;9;70;0;-4285263
10;97;59;99;-14042387
16;83;0;39;-14405427
46;79;99;50;-16721153
47;99;40;0;-3441098
5;67;10;99;-3243330
84;15;0;44;-5059710
29;9;99;92;-8067147
5;33;20;0;-3227728
33;85;39;99;-9736568
37;11;0;62;-4397981
2;34;99;92;-91984
56;97;84;0;-14861537
81;31;79;99;-3963694
63;4;99;32;-9894769
20;96;61;0;-6813892
16;44;57;99;-16338892
43;96;99;33;-16554382
11;5;23;0;-3731122
44;83;92;99;-13835065
73;21;0;90;-15786294
59;46;99;71;-10248007
41;65;4;0;-2481712
87;30;20;99;-747812
6;78;0;98;-113797
35;78;99;75;-12855652
61;55;8;0;-16760805
78;50;78;99;-3155146
56;37;99;65;-5942713
97;9;69;0;-5244433
15;73;2;99;-15988299
43;69;0;71;-7678551
98;86;99;22;-1988320
5;71;15;0;-1844286
8;98;68;99;-7445454
36;82;88;0;-13243614
62;75;3;99;-3141621
57;74;0;93;-8688726
60;39;99;30;-2485067
43;98;62;0;-3828890
7;18;89;99;-13390640
16;1;27;0;-8277871
53;99;49;99;-5351373
16;87;99;87;-11810633
56;41;14;0;-15382796
73;96;41;99;-13086862
7;88;99;46;-6683877
15;56;98;0;-5389911
82;62;0;99;-1244593
47;85;94;0;-9251761
64;41;38;99;-547191
9;97;8;0;-4580034
84;7;20;99;-2164529
50;10;92;0;-5019605
37;23;98;99;-13548598
43;19;0;78;-6326307
3;55;99;39;-6161297
10;68;78;0;-5222398
41;99;0;99;-143576
99;85;77;0;-4979313
83;10;51;99;-13857091
84;8;0;55;-10185089
68;96;99;96;-9852646
81;84;16;0;-9830360
80;17;53;99;-1629303
64;13;0;17;-10737841
30;56;99;94;-9297842
97;94;41;0;-1920777
63;17;41;99;-7213202
1;6;38;0;-6292950
83;51;66;99;-5801986
57;42;0;92;-12053210
77;44;99;80;-14565158
70;38;70;0;-15330312
28;40;5;99;-10376469
51;31;99;95;-5419765
30;80;37;0;-14405946
6;39;28;99;-8065227
22;3;90;0;-12747996
1;79;97;99;-10278856
12;78;99;78;-12703786
69;26;0;0;-2349535
76;85;64;99;-5595020
60;47;99;35;-2625929
93;38;69;0;-13268214
73;36;35;99;-11692719
62;0;0;38;-11894091
76;31;99;57;-1916570
23;91;65;0;-11668877
44;92;83;99;-12103939
32;42;79;0;-1630157
30;26;59;99;-4498255
25;38;73;0;-5882609
69;85;19;99;-2098340
27;47;99;19;-12673889
54;85;45;0;-1791639
40;61;64;99;-6201453
47;88;0;64;-11710149
54;56;99;72;-10513183
71;46;34;0;-14337673
22;27;10;99;-16541070
70;95;0;26;-13748878
56;34;99;73;-12248355
49;19;63;0;-14202080
17;97;7;99;-7497074
15;80;0;15;-12931090
86;57;99;96;-10936880
74;24;42;0;-9356231
39;97;35;99;-7030704
1;51;99;13;-567249
19;98;94;0;-892021
94;11;20;99;-3894902
42;84;0;40;-13642310
13;0;99;45;-13286744
43;35;82;0;-1685422
44;70;98;99;-7860782
2;23;0;0;-10048540
70;83;99;28;-15276697
8;3;97;0;-11371330
42;32;2;99;-1579490
89;49;0;73;-5487331
16;65;99;71;-12290418
83;91;74;0;-5636389
47;77;16;99;-3801253
21;3;2;0;-13385146
15;70;67;99;-11305232
66;46;0;16;-5999674
93;45;99;91;-4075992
5;15;61;0;-940152
76;58;19;99;-7043403
51;96;0;21;-1232883
47;58;99;31;-8173067
6;25;36;0;-4418927
22;50;38;99;-5010104
14;9;0;40;-7078387
63;74;99;0;-4740442
49;52;91;0;-7201027
58;25;48;99;-11046994
66;3;99;12;-5601932
62;19;34;0;-1287151
16;53;77;99;-10271820
51;76;66;0;-5157008
7;5;8;99;-8729597
77;8;99;62;-12828313
53;4;41;0;-15888027
57;16;18;99;-7844201
14;7;11;0;-9932537
95;77;84;99;-6588031
28;74;99;34;-14039133
52;72;48;0;-5002525
68;54;24;99;-16377466
17;57;99;56;-10905655
77;60;91;0;-10829847
95;68;78;99;-16392015
71;84;99;0;-14455533
65;36;51;0;-12136335
39;95;33;99;-14752491
73;61;0;32;-6975145
33;99;99;61;-1182773
47;57;72;0;-3109974
51;29;84;99;-1311296
60;64;43;0;-15102923
82;75;0;99;-9946739
67;15;0;70;-2694606
40;12;99;91;-9776906
75;87;42;0;-12892465
23;48;41;99;-9345866
62;32;0;57;-1889997
37;22;99;50;-2642527
9;30;87;0;-12866864
99;52;83;99;-7007593
52;31;0;22;-7197806
61;48;99;77;-927688
67;71;65;0;-10558143
68;77;6;99;-9862999
84;72;72;0;-7787574
74;12;96;99;-9019687
81;15;0;10;-15712404
42;63;99;46;-10641940
33;75;61;0;-5942403
50;34;99;99;-4337685
17;51;99;10;-7895565
83;91;73;0;-2244438
39;97;61;99;-7661947
74;95;99;68;-14676564
25;12;87;0;-3819907
37;11;91;99;-11729675
66;84;99;37;-9009506
61;11;99;0;-10112063
70;50;6;99;-13146533
2;81;91;0;-3757026
18;30;26;99;-7349877
57;72;99;59;-11957538
68;27;50;0;-10212784
33;9;33;99;-8062892
69;35;0;95;-7283210
21;32;99;9;-10602649
88;45;3;0;-2395884
24;66;24;99;-14189119
27;8;0;83;-14600176
66;65;99;23;-15471510
88;84;71;0;-9496022
61;53;47;99;-5462241
25;78;15;0;-12485960
68;48;79;99;-16064945
6;56;99;67;-1875985
91;26;21;0;-9724906
19;47;71;99;-453447
63;25;0;16;-15272113
94;43;99;37;-5493503
77;38;35;0;-8108571
52;73;43;99;-14454367
49;21;99;29;-12050303
12;25;27;0;-6699308
12;89;13;99;-10100829
2;85;99;63;-16178689
92;80;84;0;-9764483
97;97;88;99;-15949049
76;61;0;18;-14856170
76;5;99;5;-4094287
33;85;87;0;-10859744
64;42;36;99;-10122161
9;5;99;24;-1959542
61;6;55;0;-12164282
61;42;45;99;-10876052
51;86;68;0;-15428154
26;45;49;99;-10447403
7;73;0;3;-4565685
32;83;99;98;-9833598
34;65;28;0;-10961576
63;25;28;99;-5678419
6;33;99;69;-2693504
46;27;96;0;-12728798
88;70;90;99;-5523722
39;30;25;0;-8308002
89;9;33;99;-6083649
36;13;99;27;-12898629
25;71;24;0;-4857398
8;4;45;99;-15430627
83;1;98;0;-7330955
44;34;94;99;-2337468
81;86;82;0;-5555426
24;55;24;99;-5690955
4;7;11;0;-6778050
47;98;72;99;-14324608
66;47;28;0;-16017006
7;10;56;99;-6418030
74;14;0;71;-16659503
78;15;99;42;-5557371
46;82;10;0;-7581499
35;39;19;99;-1453616
43;54;0;17;-16755984
88;82;99;41;-779722
33;56;73;0;-14121362
67;10;62;99;-6751534
60;16;0;68;-10232387
28;91;99;29;-5033726
59;37;45;0;-3272610
1;97;38;99;-3487947
78;0;99;14;-11163774
61;93;18;0;-15718717
68;48;73;99;-279867
56;84;99;58;-8573790
66;26;94;0;-1369993
23;88;96;99;-855460
86;10;0;0;-6005911
15;77;63;99;-2213932
21;45;55;0;-9483534
91;8;5;99;-12302310
19;6;99;1;-4218048
61;7;27;0;-6381226
61;82;29;99;-7482416
20;70;99;72;-659464
16;80;64;0;-425381
21;6;71;99;-13322403
1;66;0;87;-11709344
80;48;99;41;-89023
19;43;98;0;-4033582
61;38;57;99;-96706
17;79;0;39;-9664854
98;43;99;44;-9555280
46;4;67;0;-4458161
33;69;22;99;-3357288
77;22;0;69;-2420741
5;12;99;36;-10138989
73;56;16;0;-16117662
29;97;82;99;-15865659
0;57;0;99;-15820812
69;0;99;12;-4158252
74;64;45;0;-7814467
21;61;61;99;-12922918
96;25;89;0;-7239838
23;64;45;99;-3508681
37;88;0;46;-12276153
67;9;99;31;-1974718
85;89;82;0;-9669227
29;77;0;99;-15854790
50;68;99;5;-12651338
27;5;53;0;-10005090
53;87;11;99;-8541068
5;72;99;13;-13397254
81;95;13;0;-15134966
82;81;99;99;-10724218
9;15;16;0;-2663798
44;32;15;99;-1223758
29;27;36;0;-3690596
34;93;39;99;-4744984
98;92;0;53;-12949476
5;52;99;91;-3025285
94;18;23;0;-717986
27;98;81;99;-14149530
58;56;99;45;-6474157
65;92;7;0;-8738038
66;97;29;99;-14738229
87;17;99;83;-14805262
9;56;77;0;-5627721
99;50;65;99;-980474
33;47;0;47;-15801984
58;24;99;80;-9917947
48;2;39;0;-10704959
33;3;47;99;-6291897
94;66;0;16;-4446920
17;72;99;6;-9006516
68;65;66;0;-13462306
11;63;79;99;-644520
76;27;13;0;-2898036
8;70;58;99;-11197531
81;37;0;46;-8771795
84;5;99;87;-4415901
43;53;50;0;-14930532
70;8;46;99;-15331225
65;49;28;0;-13180471
67;85;68;99;-630788
52;36;8;0;-3174297
36;0;12;99;-10157697
68;11;0;73;-450302
56;36;99;32;-11290727
72;16;78;0;-1300507
94;10;58;99;-7233167
94;43;0;76;-10072007
84;58;99;17;-13503219
90;49;69;0;-822361
43;56;77;99;-14545962
63;21;95;0;-122686
3;3;28;99;-16641302
45;91;0;43;-2894880
82;17;99;91;-8993838
1;45;82;0;-8459532
49;76;22;99;-11036687
19;44;37;0;-7716804
19;76;42;99;-9609327
26;66;49;0;-1376771
94;94;91;99;-15674674
63;27;42;0;-11151348
25;16;4;99;-8738929
47;80;0;50;-4990305
6;72;99;6;-373684
13;88;36;0;-10649338
45;22;57;99;-7868069
5;77;4;0;-11225607
13;85;90;99;-13784717
86;42;96;0;-2405961
72;97;25;99;-12527957
42;70;0;43;-15538892
92;60;99;28;-4410262
40;90;24;0;-10695170
63;12;37;99;-16079934
33;83;0;79;-3665804
27;43;99;79;-5874801
54;58;46;0;-9819657
0;65;12;99;-12485268
25;51;0;35;-3856139
15;2;99;19;-7939284
23;52;98;0;-8439570
10;82;11;99;-11332669
9;10;0;61;-16565530
64;76;99;20;-14660523
32;41;69;0;-49800
35;60;26;99;-8859151
59;81;99;47;-1819035
37;10;84;0;-2989610
86;60;91;99;-2785507
16;12;0;32;-7246598
95;12;99;32;-6887871
51;75;92;0;-14856901
89;74;66;99;-4433075
13;62;99;83;-15459926
68;96;83;0;-7071911
91;10;29;99;-6826653
7;68;7;0;-4025265
99;11;74;99;-9663621
57;30;0;56;-13569629
26;46;99;16;-14736476
42;10;10;0;-10875074
75;52;79;99;-12209193
83;30;99;18;-7410227
19;18;21;0;-14518377
78;43;89;99;-14669154
47;21;21;0;-14893101
13;76;12;99;-14774226
57;25;99;73;-4411213
97;68;84;0;-13647767
17;64;29;99;-4638793
53;66;99;18;-8279150
98;13;5;0;-7138922
37;50;99;99;-13683060
39;33;70;0;-2687562
61;65;31;99;-9114775
18;20;99;14;-15419866
95;95;69;0;-8151911
25;66;15;99;-6282228
96;76;0;31;-2493488
61;14;99;91;-8138898
52;19;34;0;-9110846
14;23;81;99;-14778558
35;81;0;5;-8293014
59;51;99;16;-13446082
95;52;67;0;-544661
74;28;33;99;-7580258
29;52;99;94;-502300
81;18;15;0;-9051967
11;37;83;99;-1569008
30;0;99;57;-1858202
5;3;1;0;-7983536
16;92;13;99;-10634051
34;68;99;75;-3979926
65;94;24;0;-1965902
13;75;4;99;-4072034
55;12;99;0;-4200603
6;81;4;99;-13619885
22;7;0;75;-11201442
18;67;99;95;-3901076
43;63;32;0;-8027881
68;67;84;99;-689217
21;50;0;51;-1369481
71;56;99;90;-6175876
88;33;54;0;-6800675
67;21;44;99;-2814428
39;83;72;0;-2015906
11;19;76;99;-2533915
75;48;99;0;-8702824
79;99;85;0;-1766608
58;49;96;99;-325497
6;55;16;0;-6307946
35;89;83;99;-16611161
67;95;0;38;-8124381
34;44;99;67;-6865597
83;26;36;0;-793339
40;49;66;99;-830749
47;91;0;22;-10466338
43;14;99;3;-1231195
32;32;19;0;-16022712
4;10;53;99;-2303600
88;59;0;87;-6926616
79;85;99;53;-6367917
37;87;41;0;-13569913
2;61;50;99;-16301461
70;63;62;0;-3464907
79;62;96;99;-1337940
98;82;99;88;-978846
74;36;28;0;-13654515
56;77;73;99;-13654599
6;82;99;29;-13400222
6;1;1;0;-1348779
0;80;57;99;-1940199
4;92;99;62;-4981065
79;44;66;0;-2547638
75;7;40;99;-16515191
62;15;2;0;-2425450
28;74;51;99;-11543419
8;63;30;0;-15476719
27;43;64;99;-11953899
16;20;39;0;-3180989
14;68;10;99;-2126661
31;89;26;0;-10010660
42;11;88;99;-14129427
97;97;99;66;-7375386
87;52;78;0;-845740
50;79;63;99;-16629286
36;8;99;82;-1085854
43;76;90;0;-10541365
45;28;16;99;-13983530
95;35;17;0;-8370334
27;10;50;99;-5535104
46;44;73;0;-320708
94;60;19;99;-15938198
66;27;13;0;-3049182
26;38;29;99;-12876918
46;57;99;97;-9882575
58;10;81;0;-9096351
50;0;92;99;-4644182
1;8;49;0;-12875587
40;17;44;99;-1075609
18;4;91;0;-6040463
51;1;3;99;-13584125
83;37;0;52;-13752074
2;57;99;31;-16425096
16;66;75;0;-5695989
72;6;50;99;-15774206
97;88;23;0;-4335515
94;15;45;99;-1403506
3;20;96;0;-9237433
13;6;26;99;-13450925
94;0;0;49;-5137457
74;40;99;46;-3363282
75;2;50;0;-9583024
49;31;66;99;-12946856
42;96;0;70;-13021546
60;83;99;50;-3130676
47;16;60;0;-6797072
8;5;81;99;-10648599
23;10;99;14;-7168830
61;22;36;0;-11266195
37;0;51;99;-2014207
68;82;3;0;-899686
63;29;98;99;-6207803
63;48;99;99;-4813058
13;48;81;0;-13563829
59;19;86;99;-4636214
4;78;0;80;-96069
22;19;99;70;-9060757
11;56;15;0;-6613980
82;92;84;99;-7272354
48;71;99;52;-2493235
60;42;32;0;-14024134
70;39;81;99;-7312011
46;16;99;82;-8379327
22;16;60;0;-8249887
36;41;94;99;-7571647
19;28;99;27;-449583
98;9;72;0;-12121218
73;9;73;99;-14433704
87;99;99;88;-4889428
31;94;43;0;-4719614
8;39;90;99;-7178343
44;71;99;63;-8343685
30;86;39;0;-9423229
86;23;39;99;-13373432
49;75;99;28;-11763583
38;46;64;0;-10119829
34;6;77;99;-14529439
23;27;0;85;-8881706
70;13;99;80;-15063325
11;45;2;0;-11375332
63;64;11;99;-4033531
18;32;11;0;-9913205
32;19;43;99;-15152485
0;16;9;0;-10392329
61;35;22;99;-7343721
41;87;58;0;-5672137
93;78;87;99;-15546900
9;10;99;37;-13532683
8;88;41;0;-7507857
12;88;22;99;-7777375
97;20;99;2;-7426521
78;7;81;0;-12282582
48;89;27;99;-4303616
46;37;99;65;-6252792
3;37;26;0;-3167137
94;75;15;99;-7515375
71;58;80;0;-4732066
68;98;92;99;-4295756
7;41;0;71;-4092072
12;74;99;82;-14415514
78;75;61;0;-9815317
70;50;4;99;-5574599
63;50;99;52;-4260221
67;10;53;0;-1544873
40;45;98;99;-16188117
1;83;99;49;-6400181
51;22;20;0;-217965
81;67;99;99;-4980738
26;44;0;58;-4783706
86;90;99;35;-10234595
93;8;46;0;-2546827
39;40;44;99;-291482
1;2;11;0;-3703078
45;92;72;99;-7742688
19;11;24;0;-9749744
47;34;97;99;-15881409
91;70;78;0;-16772269
38;30;93;99;-6165714
64;77;0;12;-9188793
34;63;99;42;-9237747
14;3;78;0;-10116822
1;32;62;99;-4545344
43;21;0;36;-13898305
42;88;99;56;-88240
51;2;97;0;-8191538
69;63;47;99;-4962611
36;65;36;0;-12815445
55;17;63;99;-12339731
72;95;0;60;-5152274
38;25;99;51;-14295465
54;69;8;0;-3440460
94;14;3;99;-76271
35;46;0;73;-11182550
67;96;99;77;-3222071
63;43;22;0;-9420634
11;7;11;99;-3354997
80;40;46;0;-4740473
54;22;41;99;-3629515
55;7;0;70;-3363696
58;28;99;59;-16019143
41;62;19;0;-14357548
92;67;70;99;-14068636
17;87;0;8;-2291071
7;98;99;3;-11814292
67;39;17;0;-7674724
62;7;2;99;-8971559
73;38;0;77;-10018738
11;51;99;88;-12352882
46;8;3;0;-4420302
89;72;60;99;-12120465
4;60;99;96;-12200488
92;41;0;0;-5289319
78;53;25;99;-10852433
9;49;0;55;-15272656
95;66;99;12;-11730176
39;8;68;0;-8162724
93;79;3;99;-1325481
96;56;0;14;-10695803
85;83;99;30;-13667950
84;28;89;0;-8726731
25;8;60;99;-6743669
48;30;6;0;-14152838
92;9;73;99;-13885137
3;98;0;99;-10677997
77;44;99;17;-2417411
74;48;6;0;-10604831
58;29;66;99;-3714422
12;79;46;0;-15407987
21;23;77;99;-9256895
87;30;0;51;-13833603
64;82;99;3;-4251499
5;57;48;0;-8117017
45;26;59;99;-7178909
25;64;0;70;-11458046
7;11;99;61;-10676881
18;4;88;0;-7358528
88;94;58;99;-7804715
58;84;99;74;-6668163
6;65;50;0;-8225688
97;68;0;99;-9199172
65;78;65;0;-7973142
28;40;77;99;-3830788
43;65;8;0;-16311218
50;74;98;99;-2969413
52;31;99;16;-5507907
78;91;13;0;-16363393
45;63;56;99;-5067686
39;16;26;0;-843345
3;0;43;99;-11492803
43;2;99;39;-6983114
47;48;60;0;-16428089
69;58;20;99;-12799693
3;94;99;88;-7910736
27;34;50;0;-7323996
79;3;62;99;-511946
98;71;0;43;-8922191
98;99;99;50;-11991262
71;77;1;0;-9271099
69;84;22;99;-10294807
4;8;99;8;-6777737
38;65;21;0;-9137870
6;61;72;99;-546104
9;37;0;12;-4696891
74;7;99;77;-4416846
56;78;51;0;-8867589
35;18;55;99;-7502927
5;78;79;0;-14733796
9;25;44;99;-2492827
96;72;99;93;-10540410
15;61;31;0;-2509606
57;91;11;99;-16581884
48;94;99;54;-12231238
16;39;52;0;-9037917
15;15;8;99;-2728572
38;49;0;83;-12055303
34;67;99;69;-10376881
95;97;28;0;-3373830
86;85;38;99;-10557328
2;9;0;14;-12784124
79;72;99;94;-13753759
26;84;1;0;-9883454
46;74;71;99;-14891997
74;38;30;0;-6536829
26;37;31;99;-6866455
83;15;37;0;-13453045
74;82;14;99;-4941611
26;14;47;0;-557757
50;42;99;99;-3841641
10;5;0;33;-3659320
9;20;99;64;-5469760
82;37;81;0;-15705994
11;84;52;99;-10373133
80;23;99;93;-10915465
25;76;78;0;-14632379
64;76;62;99;-4055543
76;95;0;65;-4780255
61;0;99;93;-13916621
59;43;26;0;-3951066
42;51;94;99;-1137026
27;48;0;86;-15671377
10;69;99;38;-3817518
81;79;75;0;-7302088
12;50;17;99;-8537920
44;3;27;0;-5320278
10;87;43;99;-12070494
3;80;0;55;-4990781
21;60;99;14;-6985499
61;67;83;0;-239050
41;7;93;99;-12615737
53;84;49;0;-12520554
90;93;26;99;-514548
8;34;0;36;-614350
15;31;99;62;-5186649
2;72;20;0;-12547997
26;38;1;99;-2127549
1;73;0;96;-2338294
36;13;99;95;-14789238
25;91;9;0;-14739944
29;31;19;99;-1499475
64;61;99;77;-13815010
31;73;12;0;-10329321
66;41;7;99;-3509166
47;73;0;41;-2078103
68;38;99;54;-13658229
61;32;54;0;-5358495
5;16;44;99;-1312790
30;95;99;97;-12556228
7;38;10;0;-11333743
19;90;70;99;-1486505
45;80;63;0;-14696633
5;40;85;99;-5847006
95;59;0;24;-11987304
28;93;99;38;-3554009
54;93;43;0;-5870915
16;33;19;99;-4334161
79;64;12;0;-10707281
41;20;23;99;-3130424
78;95;99;26;-13564892
51;18;98;0;-11772121
30;76;70;99;-8691719
11;56;99;35;-555832
9;20;54;0;-12132122
42;34;25;99;-8189169
82;53;86;0;-13409838
68;55;68;99;-11540950
26;23;85;0;-12583311
39;67;91;99;-6741564
72;30;99;43;-5015818
97;44;62;0;-4096213
61;26;63;99;-7160771
42;49;77;0;-5956255
36;72;37;99;-15723609
35;66;65;0;-13110453
19;36;40;99;-2609605
90;7;21;0;-3313115
49;53;91;99;-14825094
76;81;59;0;-4591187
64;85;48;99;-2980492
29;47;99;34;-10347904
69;18;4;0;-11472118
75;79;39;99;-9859226
24;3;99;3;-14550560
90;39;89;0;-3169544
31;89;58;99;-1030408
70;75;0;11;-11071639
5;38;99;45;-13930374
98;42;34;0;-11167703
48;51;34;99;-16429778
90;13;99;5;-9136191
20;18;28;0;-1919214
48;85;80;99;-1564564
9;84;99;63;-11587857
26;78;29;0;-8412144
26;31;84;99;-1650016
34;28;0;49;-2595609
76;27;99;81;-6100603
70;15;46;0;-2066725
16;74;92;99;-9849348
36;33;99;48;-3941344
20;18;30;0;-4425342
3;32;51;99;-6291100
2;97;48;0;-9893010
99;58;58;99;-1715473
96;56;92;0;-1893926
48;80;40;99;-4069517
50;2;0;40;-13818601
73;73;99;15;-11044861
17;85;49;0;-7233054
40;41;96;99;-5289722
13;37;95;0;-13724812
27;47;41;99;-6560991
60;61;52;0;-11642965
54;50;76;99;-8106122
75;9;0;56;-15959739
26;23;99;79;-13735513
5;74;95;0;-8293217
63;19;96;99;-4323559
71;99;77;0;-12895183
67;39;93;99;-13437647
9;93;14;0;-4298668
50;27;27;99;-15494109
80;47;49;0;-13811728
25;43;31;99;-2875075
6;5;17;0;-5359750
45;76;23;99;-15012233
88;78;0;98;-645743
79;10;99;98;-6404015
91;60;84;0;-8609311
59;61;1;99;-2443792
89;27;99;84;-11122158
15;65;96;0;-13003769
17;14;24;99;-5098780
73;60;99;7;-3787519
25;70;90;0;-10484591
73;9;57;99;-12681627
76;34;97;0;-4639900
29;98;28;99;-5428109
84;88;0;16;-3235109
73;52;99;79;-6932161
46;71;7;0;-14591412
29;9;30;99;-14267539
46;69;0;51;-13221184
87;99;99;15;-9452850
30;81;82;0;-286344
88;35;81;99;-16639516
43;69;0;67;-2799943
22;51;99;46;-926028
71;60;13;0;-266042
23;66;92;99;-14398341
38;15;99;71;-10265650
40;66;90;0;-3834012
79;35;17;99;-13530864
62;4;0;65;-3787312
53;73;99;27;-12711554
17;20;9;0;-340681
54;1;59;99;-6196365
16;97;99;93;-1177153
86;11;27;0;-8647092
1;13;32;99;-15931501
81;34;0;87;-2063633
4;32;99;47;-9371948
68;99;80;0;-8148437
80;21;55;99;-12922861
89;37;23;0;-6688972
49;28;67;99;-11976632
57;45;81;0;-5135921
6;28;83;99;-7502551
71;88;0;61;-12379223
89;20;99;96;-2595794
48;6;93;0;-2302475
